financial_resources_rank,faculty_resources_rank,high_school_counselor_score_out_of_5,average_freshman_retention_rate,graduation_and_retention_rank,satact_25th_75th_percentile,student_selectivity_rank,rank,freshmen_in_top_10_percent_of_high_school_class,classes_with_50_or_more_students,classes_with_fewer_than_20_students,student_faculty_ratio,url,location,enrollment,tuition,predicted_graduation_rate,school_name,alumni_giving_rank,percent_of_faculty_who_are_full_time,six_year_graduation_rate,freshmen_in_top_25_percent_of_high_school_class,overperformanceunderperformance,fall_2013_acceptance_rate,peer_assessment_score_out_of_5,average_alumni_giving_rate
10,5,4.9,98,2,1410-1600,5,#1,95,11,70.9,6:1,/best-colleges/princeton-university-2627,"Princeton, NJ",8014,"$41,820",94,Princeton University,1,92.4,97,98,3,7.4,4.8,62.5
5,3,4.9,97,2,1410-1600,5,#2,95,10,75.6,7:1,/best-colleges/harvard-university-2155,"Cambridge, MA",19882,"$43,938",95,Harvard University,10,94.8,97,99,2,5.8,4.9,35.1
1,8,4.9,99,1,1420-1590,3,#3,95,7,76.8,6:1,/best-colleges/yale-university-1426,"New Haven, CT",12109,"$45,800",95,Yale University,7,87.7,98,99,3,6.9,4.8,35.8
11,4,4.9,99,5,1400-1570,5,#4Tie,93,9,81.6,6:1,/best-colleges/columbia-university-2707,"New York, NY",23606,"$51,008",94,Columbia University,13,91.9,96,98,2,6.9,4.6,33.8
8,10,4.9,98,5,1380-1570,5,#4Tie,96,12,68.8,5:1,/best-colleges/stanford-1305,"Stanford, CA",18136,"$44,757",94,Stanford University,7,99.6,96,100,2,5.7,4.9,35.6
6,1,4.7,99,10,1440-1590,3,#4Tie,98,5,75.8,6:1,/best-colleges/university-of-chicago-1774,"Chicago, IL",12539,"$48,253",93,University of Chicago,4,88.9,93,100,0,8.8,4.6,40.1
7,12,4.9,98,15,1430-1570,1,#7,99,12,68.9,8:1,/best-colleges/mit-2178,"Cambridge, MA",11301,"$45,016",95,Massachusetts Institute of Technology,6,93,93,100,-2,8.2,4.9,36.6
14,1,4.8,97,10,1360-1550,14,#8Tie,90,6,71.1,7:1,/best-colleges/duke-university-2920,"Durham, NC",15465,"$47,488",94,Duke University,10,96,94,98,0,12.4,4.4,35.4
11,6,4.8,98,2,1360-1540,10,#8Tie,94,10,68.3,6:1,/best-colleges/university-of-pennsylvania-3378,"Philadelphia, PA",21358,"$47,668",94,University of Pennsylvania,15,84.7,96,99,2,12.2,4.4,33.5
1,11,4.8,97,22,1490-1600,1,#10,99,10,62.7,3:1,/best-colleges/cal-tech-1131,"Pasadena, CA",2181,"$43,362",95,California Institute of Technology,30,97.8,93,100,-2,10.6,4.6,23
16,15,4.8,98,5,1360-1560,10,#11,90,9,61.8,8:1,/best-colleges/dartmouth-college-2573,"Hanover, NH",6342,"$48,108",93,Dartmouth College,2,91.4,95,98,2,10.4,4.2,48.1
3,18,4.8,97,18,1340-1520,18,#12,84,10,71.5,10:1,/best-colleges/jhu-2077,"Baltimore, MD",21052,"$47,060",93,Johns Hopkins University,12,97.4,93,98,0,17.1,4.6,34.3
11,6,4.7,97,10,1390-1550,10,#13,91,7,74.6,7:1,/best-colleges/northwestern-1739,"Evanston, IL",20997,"$47,251",94,Northwestern University,24,95.9,94,99,0,14,4.3,26.1
4,12,4.6,97,10,32-34,5,#14,95,12,65.2,8:1,/best-colleges/washington-university-st-louis-2520,"St. Louis, MO",14032,"$46,467",95,Washington University in St. Louis,19,89,94,99,-1,15.6,4,26.8
17,20,4.8,97,15,1320-1520,20,#15,87,18,55.6,9:1,/best-colleges/cornell-university-2711,"Ithaca, NY",21593,"$47,286",92,Cornell University,16,96.5,93,98,1,15.6,4.5,30
24,17,4.8,98,5,1330-1540,39,#16Tie,94,10,69.1,8:1,/best-colleges/brown-university-3401,"Providence, RI",8943,"$47,434",93,Brown University,5,93.9,94,98,1,9.2,4.4,37.8
29,16,4.7,98,5,32-34,15,#16Tie,90,9,60.3,10:1,/best-colleges/notre-dame-1840,"Notre Dame, IN",12124,"$46,237",92,University of Notre Dame,3,95,95,98,3,22.3,3.9,42.1
15,12,4.6,97,18,32-34,10,#16Tie,88,9,64.9,8:1,/best-colleges/vanderbilt-3535,"Nashville, TN",12757,"$43,838",92,Vanderbilt University,27,91.2,93,95,1,12.7,4.1,25.5
23,9,4.5,97,18,1370-1550,15,#19,87,10,67.6,6:1,/best-colleges/rice-3604,"Houston, TX",6628,"$40,566",92,Rice University,17,91.1,91,97,-1,16.7,4,29.1
38,32,4.7,97,22,1250-1500,20,#20,98,16,60,17:1,/best-colleges/uc-berkeley-1312,"Berkeley, CA",36204,"in-state: $13,844, out-of-state: $25,064",87,University of California—​Berkeley,98,88.8,91,100,4,17.7,4.7,12.6
18,24,4.5,95,29,1260-1470,29,#21Tie,76,8,58.6,8:1,/best-colleges/emory-university-1564,"Atlanta, GA",14513,"$45,008",92,Emory University,18,87.3,91,95,-1,26.5,4,27.6
29,44,4.8,96,15,1320-1500,18,#21Tie,92,7,60.2,11:1,/best-colleges/georgetown-university-1445,"Washington, DC",17849,"$46,744",92,Georgetown University,19,83.3,92,98,0,17.1,4,26.4
20,32,4.5,97,22,1190-1450,25,#23Tie,97,22,50.3,17:1,/best-colleges/ucla-1315,"Los Angeles, CA",42190,"in-state: $12,702, out-of-state: $35,580",86,University of California—​Los Angeles,104,90.3,90,100,4,20.4,4.2,11.7
59,32,4.5,97,10,1250-1460,24,#23Tie,92,16,55.4,16:1,/best-colleges/uva-6968,"Charlottesville, VA",23464,"in-state: $12,998, out-of-state: $42,184",88,University of Virginia,32,98.4,93,98,5,30.1,4.3,22.3
29,20,4.7,95,32,1340-1530,22,#25Tie,80,11,67.2,13:1,/best-colleges/carnegie-mellon-university-3242,"Pittsburgh, PA",12991,"$48,786",91,Carnegie Mellon University,54,97.5,88,96,-3,25.5,4.2,17.3
26,38,4.3,97,27,1280-1480,22,#25Tie,88,13,57.1,9:1,/best-colleges/usc-1328,"Los Angeles, CA",41368,"$48,280",91,University of Southern California,13,79,91,97,0,19.8,3.9,34
29,31,4.5,97,18,1370-1520,15,#27Tie,91,8,67.5,9:1,/best-colleges/tufts-university-2219,"Medford, MA",10872,"$48,643",92,Tufts University,37,86.3,92,99,0,18.9,3.6,20.4
9,28,4.4,94,33,1230-1420,32,#27Tie,76,1,56.7,11:1,/best-colleges/wake-forest-2978,"Winston-Salem, NC",7602,"$46,200",89,Wake Forest University,24,90.3,86,93,-3,35.2,3.5,26.1
41,68,4.4,97,22,28-32,39,#29,65,18,47.1,15:1,/best-colleges/university-of-michigan-9092,"Ann Arbor, MI",43710,"in-state: $13,977, out-of-state: $41,811",89,University of Michigan—​Ann Arbor,46,92.5,90,94,1,33.3,4.4,19
34,68,4.5,97,29,1200-1410,32,#30,78,13,38.9,13:1,/best-colleges/unc-2974,"Chapel Hill, NC",29127,"in-state: $8,374, out-of-state: $33,624",87,University of North Carolina—​Chapel Hill,42,92.8,90,96,3,26.7,4.1,19.5
71,53,4.4,95,22,1270-1450,25,#31,81,7,51.4,13:1,/best-colleges/boston-college-2128,"Chestnut Hill, MA",13525,"$47,436",90,Boston College,24,76,91,97,1,32.2,3.6,25.7
34,20,4.5,92,40,1260-1460,45,#32,63,9,61.6,10:1,/best-colleges/nyu-2785,"New York, NY",44599,"$46,170",89,New York University,147,66.6,84,96,-5,32.4,3.8,8.5
110,55,4.4,96,27,1270-1460,25,#33Tie,80,8,48.3,12:1,/best-colleges/william-and-mary-3705,"Williamsburg, VA",8376,"in-state: $17,656, out-of-state: $39,360",89,College of William and Mary,29,87.4,90,97,1,33.2,3.7,23.7
21,23,4.1,96,37,1250-1450,30,#33Tie,75,13,70.2,10:1,/best-colleges/university-of-rochester-2894,"Rochester, NY",11020,"$46,960",90,University of Rochester,52,89.3,85,97,-5,35.7,3.4,17.9
52,49,4.1,93,29,1230-1470,42,#35Tie,65,10,60.4,10:1,/best-colleges/brandeis-university-2133,"Waltham, MA",5825,"$47,833",91,Brandeis University,19,87.7,90,89,-1,37,3.5,26.7
43,110,4.4,95,50,1290-1480,28,#35Tie,81,25,38.7,18:1,/best-colleges/georgia-tech-1569,"Atlanta, GA",21471,"in-state: $11,394, out-of-state: $30,698",87,Georgia Institute of Technology,19,94.7,82,95,-5,41.1,4.2,26.8
21,99,4.1,95,35,1180-1400,30,#37,100,35,39.7,19:1,/best-colleges/ucsd-1317,"La Jolla, CA",28731,"in-state: $13,302, out-of-state: $36,180",84,University of California—​San Diego,166,93.5,86,100,2,36.8,3.8,7.5
26,32,4.3,93,62,1270-1480,32,#38Tie,67,11,63.7,10:1,/best-colleges/case-western-reserve-university-3024,"Cleveland, OH",10325,"$43,158",88,Case Western Reserve University,42,92.6,80,92,-8,41.9,3.5,19.7
28,55,4.2,93,48,1080-1340,50,#38Tie,100,23,39.8,17:1,/best-colleges/uc-davis-1313,"Davis, CA",33307,"in-state: $13,896, out-of-state: $36,774",80,University of California—​Davis,156,96.3,84,100,4,41.3,3.8,8.1
55,41,4.1,94,33,1220-1410,43,#40Tie,60,11,48.3,10:1,/best-colleges/lehigh-university-3289,"Bethlehem, PA",7096,"$44,890",91,Lehigh University,30,88.8,86,88,-5,30.8,3.3,22.6
69,28,3.9,92,50,1130-1370,39,#40Tie,100,18,49.3,17:1,/best-colleges/ucsb-1320,"Santa Barbara, CA",22225,"in-state: $13,746, out-of-state: $36,624",81,University of California—​Santa Barbara,60,93.7,86,100,5,39.8,3.5,15.8
47,32,4.2,92,40,1190-1390,50,#42Tie,58,12,62.1,13:1,/best-colleges/boston-university-2130,"Boston, MA",32411,"$46,664",84,Boston University,132,83.6,84,89,0,36.9,3.5,9.4
82,24,4.2,95,56,1300-1480,32,#42Tie,64,7,66.3,13:1,/best-colleges/northeastern-university-2199,"Boston, MA",20034,"$43,440",79,Northeastern University,104,89.5,83,91,4,32.3,3.2,12
43,41,4.2,93,45,1290-1488,36,#42Tie,72,13,50.8,15:1,/best-colleges/rpi-2803,"Troy, NY",6995,"$47,908",89,Rensselaer Polytechnic Institute,98,92,85,95,-4,41.2,3.4,12.4
46,38,4,94,37,1040-1290,64,#42Tie,96,20,50,19:1,/best-colleges/uc-irvine-1314,"Irvine, CA",28895,"in-state: $14,757, out-of-state: $37,635",82,University of California—​Irvine,196,92.3,86,100,4,41.1,3.6,5.7
64,55,4.1,94,40,26-31,50,#42Tie,55,20,41.7,18:1,/best-colleges/uiuc-1775,"Champaign, IL",44942,"in-state: $15,602, out-of-state: $30,228",83,University of Illinois—​Urbana-​Champaign,127,100,84,87,1,62.4,3.9,9.8
59,91,4.1,95,40,26-30,54,#47,51,19,46.2,17:1,/best-colleges/university-of-wisconsin-3895,"Madison, WI",43275,"in-state: $10,410, out-of-state: $26,660",85,University of Wisconsin—​Madison,132,93.3,84,89,-1,51.1,4.1,9.4
52,90,4.1,92,37,1070-1280,107,#48Tie,36,13,42.1,17:1,/best-colleges/penn-state-6965,"University Park, PA",46615,"in-state: $17,502, out-of-state: $30,452",76,Pennsylvania State University—​University Park,65,95,85,78,9,55.5,3.6,15.4
47,99,3.8,96,35,1170-1360,45,#48Tie,77,16,47.2,21:1,/best-colleges/university-of-florida-1535,"Gainesville, FL",49878,"in-state: $6,313, out-of-state: $28,591",83,University of Florida,72,97.3,87,97,4,46.6,3.6,14.6
25,44,4,91,62,1230-1420,36,#48Tie,72,8,50.4,12:1,/best-colleges/university-of-miami-1536,"Coral Gables, FL",16935,"$44,350",86,University of Miami,65,87.9,82,92,-4,40.5,3.2,15.2
34,144,4,93,56,1100-1360,54,#48Tie,92,22,33.5,11:1,/best-colleges/university-of-washington-3798,"Seattle, WA",43762,"in-state: $12,394, out-of-state: $33,513",80,University of Washington,75,90.1,82,98,2,55.2,3.8,14.1
18,24,3.4,91,40,1100-1370,88,#48Tie,45,1,64.3,6:1,/best-colleges/yeshiva-university-2903,"New York, NY",6744,"$38,730",83,Yeshiva University,48,85.8,89,75,6,82.2,2.8,18.2
77,118,4.2,93,56,1140-1380,45,#53,75,26,34.5,18:1,/best-colleges/university-of-texas-3658,"Austin, TX",52059,"in-state: $9,798, out-of-state: $34,722",82,University of Texas—​Austin,104,96.7,79,91,-3,40.2,4,11.8
59,65,4.3,93,50,1200-1390,54,#54Tie,50,9,55.8,13:1,/best-colleges/gwu-1444,"Washington, DC",25264,"$48,760",87,George Washington University,147,69.9,81,84,-6,34.4,3.5,8.6
74,136,4.1,93,56,27-31,58,#54Tie,58,23,29.6,19:1,/best-colleges/ohio-state-6883,"Columbus, OH",57466,"in-state: $10,037, out-of-state: $26,537",80,Ohio State University—​Columbus,75,87.6,83,92,3,55.5,3.7,14
64,44,4.3,91,56,1130-1340,64,#54Tie,47,3,67.6,13:1,/best-colleges/pepperdine-university-1264,"Malibu, CA",7315,"$46,692",78,Pepperdine University,147,78.1,80,83,2,37.3,3.2,8.9
59,27,4.2,90,86,29-32,76,#54Tie,58,6,64,9:1,/best-colleges/tulane-university-2029,"New Orleans, LA",13462,"$48,305",82,Tulane University,52,81,76,83,-6,26.4,3.4,18
89,49,4.1,89,67,1160-1350,69,#58Tie,47,1,50.7,13:1,/best-colleges/fordham-university-2722,"New York, NY",15097,"$43,577",78,Fordham University,42,71.6,80,82,2,47.1,3.2,19.6
69,32,3.9,90,76,27-31,58,#58Tie,48,7,58.8,11:1,/best-colleges/smu-3613,"Dallas, TX",10929,"$45,940",77,Southern Methodist University,37,83.6,79,80,2,50.7,3,20.6
95,47,4,92,50,1040-1270,107,#58Tie,39,9,63.2,16:1,/best-colleges/syracuse-university-2882,"Syracuse, NY",21267,"$41,886",75,Syracuse University,57,84.9,81,71,6,49.5,3.3,16.4
47,91,4,93,48,1130-1330,81,#58Tie,45,17,46.7,16:1,/best-colleges/uconn-29013,"Storrs, CT",25911,"in-state: $12,700, out-of-state: $32,880",76,University of Connecticut,57,91,83,82,7,53.7,3.1,16.5
156,19,4,87,76,26-31,58,#62Tie,54,14,57.3,19:1,/best-colleges/byu-3670,"Provo, UT",31123,"$5,000",78,Brigham Young University—​Provo,86,88.2,77,85,-1,48.7,3,13.9
138,55,4,91,62,1150-1340,63,#62Tie,56,14,51.2,17:1,/best-colleges/clemson-university-3425,"Clemson, SC",21303,"in-state: $13,382, out-of-state: $30,816",77,Clemson University,28,97.1,82,86,5,57.2,3.1,23.9
82,61,4.2,90,94,1080-1320,83,#62Tie,47,18,38.1,13:1,/best-colleges/purdue-1825,"West Lafayette, IN",38788,"in-state: $10,002, out-of-state: $28,804",68,Purdue University—​West Lafayette,42,95.2,71,80,3,60.4,3.6,19.5
117,68,4,94,45,1150-1330,64,#62Tie,53,11,39.6,17:1,/best-colleges/university-of-georgia-1598,"Athens, GA",34536,"in-state: $10,836, out-of-state: $29,046",81,University of Georgia,114,94.4,83,91,2,54.7,3.4,11.2
86,129,4,95,45,1200-1420,49,#62Tie,71,17,43.7,18:1,/best-colleges/university-of-maryland-2103,"College Park, MD",37272,"in-state: $9,427, out-of-state: $29,720",84,University of Maryland—​College Park,156,87.7,84,88,0,46.9,3.6,8.2
39,110,3.9,92,67,1180-1360,62,#62Tie,53,19,41.1,14:1,/best-colleges/university-of-pittsburgh-3379,"Pittsburgh, PA",28649,"in-state: $17,772, out-of-state: $28,168",78,University of Pittsburgh,114,90.1,80,86,2,54.5,3.4,11.2
103,167,4.1,92,56,1070-1290,88,#68Tie,53,25,20.8,21:1,/best-colleges/texas-am-college-station-10366,"College Station, TX",57795,"in-state: $9,180, out-of-state: $26,356",75,Texas A&M University—​College Station,32,92,81,78,6,69.2,3.6,22.4
97,38,4,96,50,1220-1410,50,#68Tie,64,11,65.3,14:1,/best-colleges/wpi-2233,"Worcester, MA",6296,"$42,778",84,Worcester Polytechnic Institute,75,87.1,81,91,-3,51.6,2.9,14.1
103,77,4,92,73,1090-1330,94,#70,38,21,35.2,13:1,/best-colleges/rutgers-6964,"Piscataway, NJ",48036,"in-state: $13,813, out-of-state: $28,591",75,"Rutgers, The State University of New Jersey—​New Brunswick",156,82.4,79,74,4,59.5,3.4,7.9
89,73,4,90,73,1160-1350,64,#71Tie,47,2,47.3,12:1,/best-colleges/american-university-1434,"Washington, DC",12819,"$41,833",83,American University,147,78.6,80,78,-3,43.1,3.1,8.5
110,49,4.1,86,94,24-29,79,#71Tie,42,10,50.7,15:1,/best-colleges/baylor-university-6967,"Waco, TX",15616,"$38,290",77,Baylor University,65,92.8,75,75,-2,57.5,3.2,15.3
74,47,3.8,86,99,23-28,126,#71Tie,24,12,54.8,16:1,/best-colleges/university-of-iowa-1892,"Iowa City, IA",31065,"in-state: $8,079, out-of-state: $27,409",65,University of Iowa,132,97.8,70,57,5,80.2,3.5,9.4
43,147,3.9,90,91,26-30,58,#71Tie,45,20,38.5,17:1,/best-colleges/university-of-minnesota-3969,"Minneapolis, MN",51526,"in-state: $13,626, out-of-state: $20,876",78,University of Minnesota—​Twin Cities,127,86.4,75,82,-3,44.4,3.6,9.8
117,167,4,92,50,1120-1320,94,#71Tie,41,20,27.3,16:1,/best-colleges/virginia-tech-3754,"Blacksburg, VA",31205,"in-state: $12,017, out-of-state: $27,444",78,Virginia Tech,90,94.7,83,83,5,70.3,3.4,12.6
145,65,3.8,90,67,1110-1320,88,#76Tie,38,5,57.5,10:1,/best-colleges/clark-university-massachusetts-2139,"Worcester, MA",3551,"$40,730",76,Clark University,60,85.6,81,73,5,61.5,2.8,16.3
156,164,4,89,86,1060-1290,99,#76Tie,35,17,36,18:1,/best-colleges/indiana-university-1809,"Bloomington, IN",46817,"in-state: $10,388, out-of-state: $33,241",70,Indiana University—​Bloomington,75,94.3,77,70,7,72.2,3.6,14.2
110,157,3.9,89,67,25-29,81,#76Tie,36,13,40.7,14:1,/best-colleges/marquette-university-3863,"Milwaukee, WI",11782,"$35,930",73,Marquette University,65,78.1,78,69,5,57.5,3,15.1
205,176,3.9,89,62,25-30,71,#76Tie,39,12,29.6,18:1,/best-colleges/miami-university-7104,"Oxford, OH",17901,"in-state: $14,287, out-of-state: $30,394",73,Miami University—​Oxford,46,90.4,81,71,8,66.8,3.1,19.1
110,77,3.8,94,67,1210-1390,45,#76Tie,68,9,38.2,10:1,/best-colleges/stevens-institute-of-technology-2639,"Hoboken, NJ",5784,"$44,490",82,Stevens Institute of Technology,72,82.7,79,89,-3,38.2,2.7,14.9
77,49,3.7,86,114,1080-1260,113,#76Tie,27,9,66.4,13:1,/best-colleges/suny-environmental-science-and-forestry-2851,"Syracuse, NY",2373,"in-state: $7,303, out-of-state: $16,953",63,SUNY College of Environmental Science and Forestry,32,90.6,72,66,9,50.5,2.8,22.4
145,61,3.9,88,82,25-29,83,#76Tie,42,7,40.9,13:1,/best-colleges/tcu-3636,"Fort Worth, TX",9925,"$38,600",71,Texas Christian University,35,83.7,76,75,5,47.4,2.8,21.7
82,118,3.8,92,62,1090-1300,94,#76Tie,37,16,32.5,15:1,/best-colleges/university-of-delaware-1431,"Newark, DE",21308,"in-state: $12,342, out-of-state: $30,692",77,University of Delaware,127,91.8,82,72,5,63.4,3.1,9.5
117,77,4,89,94,1110-1310,99,#76Tie,28,19,43.9,18:1,/best-colleges/umass-amherst-2221,"Amherst, MA",28518,"in-state: $13,258, out-of-state: $28,813",65,University of Massachusetts—​Amherst,121,96.2,73,69,8,62.9,3.2,10.2
97,188,3.9,91,73,23-28,151,#85Tie,28,22,24.5,17:1,/best-colleges/michigan-state-2290,"East Lansing, MI",49343,"in-state: $13,200, out-of-state: $34,980",70,Michigan State University,98,94.8,78,66,8,68.7,3.5,12.3
95,61,3.8,90,82,1000-1280,79,#85Tie,96,25,46.2,18:1,/best-colleges/ucsc-1321,"Santa Cruz, CA",17203,"in-state: $13,398, out-of-state: $36,276",78,University of California—​Santa Cruz,189,88.1,76,100,-2,51.9,3,6.1
64,91,3.7,86,86,1080-1290,120,#85Tie,33,14,52.2,17:1,/best-colleges/university-of-vermont-3696,"Burlington, VT",12723,"in-state: $16,226, out-of-state: $37,874",68,University of Vermont,121,92.2,76,68,8,77.6,2.9,10.6
185,99,3.8,91,67,1203-1385,54,#88Tie,52,14,45.4,20:1,/best-colleges/suny-binghamton-2836,"Binghamton, NY",16077,"in-state: $8,619, out-of-state: $20,259",79,Binghamton University—​SUNY,166,87.8,81,84,2,41.7,2.9,7.1
138,157,4.1,90,103,28-32,36,#88Tie,66,17,23.9,16:1,/best-colleges/colorado-school-of-mines-1348,"Golden, CO",5608,"in-state: $16,918, out-of-state: $33,598",80,Colorado School of Mines,54,85.6,70,93,-10,36.4,3.3,17.6
71,68,3.6,90,103,1150-1350,69,#88Tie,47,21,43.2,17:1,/best-colleges/stony-brook--suny-2838,"Stony Brook, NY",24143,"in-state: $8,430, out-of-state: $21,850",70,Stony Brook University—​SUNY,132,87.8,66,78,-4,39.5,3.2,9.3
198,73,3.7,86,114,22-30,88,#88Tie,41,18,42.8,21:1,/best-colleges/university-of-alabama-1051,"Tuscaloosa, AL",34752,"in-state: $9,826, out-of-state: $24,950",65,University of Alabama,7,87.5,67,60,2,56.6,3,36
97,68,3.8,85,108,24-29,113,#88Tie,27,16,46.7,18:1,/best-colleges/cu-boulder-1370,"Boulder, CO",31702,"in-state: $10,789, out-of-state: $33,151",68,University of Colorado—​Boulder,156,89.3,70,56,2,87.7,3.5,7.8
89,77,3.6,87,79,25-30,83,#88Tie,45,6,49.7,11:1,/best-colleges/university-denver-1371,"Denver, CO",11778,"$42,090",73,University of Denver,132,74.5,78,76,5,76.7,2.8,9
71,28,3.6,88,108,25-32,43,#88Tie,74,2,61.8,11:1,/best-colleges/university-of-tulsa-3185,"Tulsa, OK",4597,"$34,704",81,University of Tulsa,37,91.1,69,90,-12,40.6,2.6,20.6
55,55,4,85,114,1070-1310,113,#95Tie,33,7,56.7,9:1,/best-colleges/drexel-university-3256,"Philadelphia, PA",23620,"$47,051",73,Drexel University,132,77.4,70,61,-3,81.5,3,9.1
214,129,3.6,92,76,25-29,83,#95Tie,42,15,33.6,26:1,/best-colleges/fsu-1489,"Tallahassee, FL",40909,"in-state: $6,507, out-of-state: $21,673",69,Florida State University,54,90.6,77,77,8,56.8,3,17.5
97,176,3.8,92,86,1150-1320,71,#95Tie,50,17,28,17:1,/best-colleges/north-carolina-state-raleigh-2972,"Raleigh, NC",34009,"in-state: $8,296, out-of-state: $23,551",74,North Carolina State University—​Raleigh,90,94.6,74,80,0,46.9,3.1,13.1
103,106,3.9,89,82,1110-1320,71,#95Tie,45,0.3,39.4,15:1,/best-colleges/university-of-san-diego-10395,"San Diego, CA",8321,"$42,908",76,University of San Diego,104,70.7,75,91,-1,48.9,2.8,11.9
89,106,3.9,86,94,25-30,71,#99Tie,41,8,53.5,12:1,/best-colleges/st-louis-university-2506,"St. Louis, MO",13505,"$37,966",74,Saint Louis University,90,80.1,70,74,-4,63.6,2.9,13
171,129,3.7,84,103,23-28,99,#99Tie,27,16,42.2,20:1,/best-colleges/university-of-missouri-2516,"Columbia, MO",34658,"in-state: $9,433, out-of-state: $24,460",66,University of Missouri,60,97,70,58,4,78.6,3.3,16
125,91,3.8,84,124,22-28,113,#99Tie,26,15,40.7,21:1,/best-colleges/university-of-nebraska-2565,"Lincoln, NE",24445,"in-state: $8,060, out-of-state: $21,388",64,University of Nebraska—​Lincoln,37,99.5,67,52,3,64,3.1,20.5
134,99,3.7,87,79,1000-1210,172,#99Tie,20,16,44.1,19:1,/best-colleges/university-of-new-hampshire-2589,"Durham, NH",14942,"in-state: $16,552, out-of-state: $29,532",65,University of New Hampshire,166,81,80,50,15,77.8,2.8,7.6
125,118,3.9,89,108,24-30,94,#103Tie,29,16,30.3,18:1,/best-colleges/auburn-university-1009,"Auburn, AL",24864,"in-state: $10,200, out-of-state: $27,384",67,Auburn University,104,95.2,68,60,1,82.7,3.1,11.4
103,136,3.7,88,99,1050-1260,113,#103Tie,28,21,32.9,14:1,/best-colleges/ub-9554,"Buffalo, NY",29850,"in-state: $8,426, out-of-state: $20,366",65,University at Buffalo—​SUNY,147,86.9,72,63,7,56.6,3,8.4
117,147,3.5,88,79,24-29,107,#103Tie,24,4,34.6,14:1,/best-colleges/university-of-dayton-3127,"Dayton, OH",10835,"$37,230",67,University of Dayton,72,78.3,77,54,10,52.3,2.6,14.6
145,147,3.8,87,103,22-28,129,#106Tie,25,23,30,19:1,/best-colleges/iowa-state-university-1869,"Ames, IA",32955,"in-state: $7,731, out-of-state: $20,617",66,Iowa State University,75,93.3,68,56,2,85.5,3.2,14.2
117,118,4,86,99,24-29,92,#106Tie,37,7,37.5,14:1,/best-colleges/loyola-chicago-1710,"Chicago, IL",15957,"$37,412",73,Loyola University Chicago,114,75.1,71,68,-2,91.4,2.9,11.1
82,86,3.8,80,149,22-28,126,#106Tie,26,12,44.5,17:1,/best-colleges/ku-1948,"Lawrence, KS",26968,"in-state: $10,448, out-of-state: $25,731",67,University of Kansas,65,91.2,62,59,-5,88.4,3.3,15.6
77,136,3.8,84,124,23-29,107,#106Tie,33,11,41,17:1,/best-colleges/university-of-oklahoma-3184,"Norman, OK",30597,"in-state: $7,695, out-of-state: $20,469",69,University of Oklahoma,48,92,66,64,-3,80.4,3,18.6
156,129,3.9,86,114,990-1240,145,#106Tie,25,21,38.3,19:1,/best-colleges/university-of-oregon-3223,"Eugene, OR",24473,"in-state: $9,918, out-of-state: $30,888",62,University of Oregon,121,87.4,67,64,5,73.9,3.3,10.4
125,77,3.8,86,103,1070-1270,113,#106Tie,33,3,51.5,15:1,/best-colleges/university-san-francisco-1325,"San Francisco, CA",10130,"$41,450",64,University of San Francisco,132,68,69,71,5,61.1,2.8,8.9
55,144,3.8,86,135,24-29,76,#106Tie,52,15,28.5,17:1,/best-colleges/university-of-tennessee-3530,"Knoxville, TN",30030,"in-state: $11,246, out-of-state: $29,696",72,University of Tennessee,132,93.9,68,91,-4,72.5,3.1,9.5
97,118,3.8,88,108,990-1210,94,#113Tie,94,30,28.1,19:1,/best-colleges/ucr-1316,"Riverside, CA",21285,"in-state: $13,408, out-of-state: $36,286",70,University of California—​Riverside,236,93.3,69,100,-1,60.2,3.1,3.6
171,176,3.8,87,94,1110-1300,92,#113Tie,30,16,33.4,18:1,/best-colleges/university-of-south-carolina-3448,"Columbia, SC",31964,"in-state: $11,158, out-of-state: $29,440",70,University of South Carolina,48,86.7,73,66,3,64.4,2.9,18.3
156,129,3.6,88,82,23-28,157,#113Tie,22,2,41.2,15:1,/best-colleges/university-of-st-thomas-minnesota-2345,"St. Paul, MN",10221,"$34,442",66,University of St. Thomas,48,76.6,75,50,9,86.2,2.5,18.4
89,86,3.7,82,120,1010-1220,157,#116Tie,N/A,5,60.9,8:1,/best-colleges/catholic-university-1437,"Washington, DC",6725,"$39,726",62,The Catholic University of America,156,73.9,69,N/A,7,60.1,2.7,7.9
171,147,3.7,87,86,1050-1220,142,#116Tie,27,8,44,14:1,/best-colleges/duquesne-university-3258,"Pittsburgh, PA",9904,"$32,636",65,Duquesne University,156,73.8,76,60,11,74.1,2.6,7.9
103,53,3.7,93,108,25-30,64,#116Tie,45,7,58.7,12:1,/best-colleges/iit-1691,"Chicago, IL",7850,"$41,335",80,Illinois Institute of Technology,147,77.9,63,74,-17,57,2.7,8.7
125,91,3.9,82,131,24-29,87,#116Tie,30,13,46.8,13:1,/best-colleges/michigan-tech-2292,"Houghton, MI",6979,"in-state: $14,040, out-of-state: $29,520",69,Michigan Technological University,98,95.9,66,65,-3,77.8,2.7,12.5
55,61,3.7,86,120,1030-1320,112,#116Tie,36,5,51.7,14:1,/best-colleges/university-of-the-pacific-1329,"Stockton, CA",6421,"$41,342",73,University of the Pacific,121,79.2,63,68,-10,72.7,2.6,10.6
138,184,3.6,87,92,1090-1290,99,#121Tie,40,24,35.2,15:1,/best-colleges/clarkson-university-2699,"Potsdam, NY",3726,"$42,530",73,Clarkson University,75,92.5,75,76,2,64,2.7,14.3
145,106,3.6,85,135,22-27,129,#121Tie,22,19,37.4,16:1,/best-colleges/colorado-state-university-1350,"Fort Collins, CO",31256,"in-state: $9,897, out-of-state: $26,077",60,Colorado State University,132,99.2,64,52,4,77.4,2.9,8.9
177,147,3.7,86,108,23-28,113,#121Tie,25,1,40.8,16:1,/best-colleges/depaul-university-1671,"Chicago, IL",24414,"$35,071",61,DePaul University,189,75.1,70,57,9,59.9,2.8,6
138,167,3.8,88,114,1010-1230,154,#121Tie,20,7,37.6,14:1,/best-colleges/temple-university-3371,"Philadelphia, PA",37270,"in-state: $14,770, out-of-state: $25,450",58,Temple University,178,75.1,66,52,8,63.9,2.9,6.7
86,106,3.7,79,150,970-1220,154,#121Tie,31,16,37.3,22:1,/best-colleges/university-of-arizona-1083,"Tucson, AZ",40621,"in-state: $10,581, out-of-state: $28,379",65,University of Arizona,196,95,61,60,-4,77.6,3.5,5.5
156,99,3.8,85,124,960-1158,206,#126Tie,22,18,28.8,11:1,/best-colleges/rutgers-newark-2631,"Newark, NJ",11212,"in-state: $13,297, out-of-state: $28,075",55,"Rutgers, The State University of New Jersey—​Newark",225,81.6,67,52,12,54,2.7,4.5
125,110,3.8,82,131,1020-1220,145,#126Tie,35,3,47.2,14:1,/best-colleges/seton-hall-university-new-jersey-2632,"South Orange, NJ",9903,"$36,926",59,Seton Hall University,166,73.7,64,62,5,79.2,2.7,7.4
59,203,3.6,84,124,1010-1180,165,#126Tie,19,20,22.5,19:1,/best-colleges/suny-albany-2835,"Albany, NY",17338,"in-state: $8,527, out-of-state: $20,167",58,University at Albany—​SUNY,166,72.8,66,53,8,55.7,2.8,7.1
192,91,3.6,83,155,1020-1270,135,#129Tie,31,18,43.1,22:1,/best-colleges/asu-1081,"Tempe, AZ",48739,"in-state: $9,811, out-of-state: $23,312",56,Arizona State University—​Tempe,156,96.3,59,63,3,80.2,3.2,8.2
134,147,3.5,84,141,23-28,99,#129Tie,25,20,35.5,23:1,/best-colleges/lsu-baton-rouge-2010,"Baton Rouge, LA",30478,"in-state: $8,750, out-of-state: $26,467",65,Louisiana State University—​Baton Rouge,121,95.4,69,53,4,75,2.8,10.8
192,219,3.7,80,135,22-26,151,#129Tie,17,16,34.5,18:1,/best-colleges/ohio-university-3100,"Athens, OH",28786,"in-state: $10,536, out-of-state: $19,500",52,Ohio University,178,85.9,67,42,15,73,2.9,7
117,136,3.5,85,144,22-28,129,#129Tie,22,13,42.4,17:1,/best-colleges/university-of-cincinnati-3125,"Cincinnati, OH",32857,"in-state: $11,000, out-of-state: $26,334",58,University of Cincinnati,90,99.3,64,50,6,72.7,2.7,13.1
64,188,3.7,82,155,22-28,120,#129Tie,31,17,29.8,18:1,/best-colleges/university-of-kentucky-1989,"Lexington, KY",28435,"in-state: $10,616, out-of-state: $22,888",61,University of Kentucky,57,87.5,60,58,-1,68.6,2.9,16.5
47,157,3.5,87,150,21-27,145,#129Tie,21,22,34.9,13:1,/best-colleges/university-of-utah-3675,"Salt Lake City, UT",32077,"in-state: $7,935, out-of-state: $25,267",60,University of Utah,114,88.7,60,48,0,81.7,3,10.8
103,65,3.7,78,155,1050-1230,135,#135Tie,24,4,50.4,14:1,/best-colleges/hofstra-university-2732,"Hempstead, NY",10928,"$38,900",68,Hofstra University,127,70.3,62,56,-6,59,2.8,10.1
103,73,3.9,82,135,990-1240,218,#135Tie,15,1,88.8,9:1,/best-colleges/new-school-20662,"New York, NY",10401,"$41,836",64,New School,256,40.9,65,42,1,66.6,2.7,2.5
156,99,3.4,82,150,23-28,99,#135Tie,28,18,44,19:1,/best-colleges/university-of-arkansas-1108,"Fayetteville, AR",25341,"in-state: $8,210, out-of-state: $20,300",68,University of Arkansas,19,94.8,60,57,-8,58.6,2.8,26.9
177,225,3.9,87,124,1050-1250,145,#138Tie,20,15,28.5,16:1,/best-colleges/gmu-3749,"Fairfax, VA",33917,"in-state: $10,382, out-of-state: $29,960",62,George Mason University,210,74.8,67,56,5,62,3,5.1
185,184,3.6,84,131,25-31,71,#138Tie,41,20,29.9,17:1,/best-colleges/missouri-university-science-2517,"Rolla, MO",8130,"in-state: $9,537, out-of-state: $25,404",72,Missouri University of Science & Technology,60,87.7,63,71,-9,82.2,2.7,16
134,211,3.7,83,144,970-1220,165,#138Tie,25,23,27.7,21:1,/best-colleges/oregon-state-3210,"Corvallis, OR",27925,"in-state: $8,276, out-of-state: $23,540",53,Oregon State University,104,87.2,61,53,8,79.4,2.9,11.7
134,167,3.5,82,124,910-1150,218,#138Tie,30,20,37,15:1,/best-colleges/washington-state-3800,"Pullman, WA",27642,"in-state: $12,428, out-of-state: $25,510",62,Washington State University,86,88.3,65,52,3,82.1,3,13.5
205,211,3.5,84,99,22-26,200,#142Tie,N/A,11,34.4,17:1,/best-colleges/illinois-state-university-1692,"Normal, IL",20272,"in-state: $12,830, out-of-state: $20,420",55,Illinois State University,178,89.2,72,N/A,17,68.9,2.4,6.8
125,188,3.7,81,155,21-27,145,#142Tie,22,13,41.1,19:1,/best-colleges/ksu-1928,"Manhattan, KS",24581,"in-state: $9,034, out-of-state: $22,624",64,Kansas State University,35,94.1,60,48,-4,95.9,2.9,21.6
208,164,3.2,83,92,990-1170,172,#142Tie,26,0.3,45.2,13:1,/best-colleges/st-john-fisher-college-2821,"Rochester, NY",3987,"$29,550",60,St. John Fisher College,65,76.3,73,60,13,62.8,2.2,15.4
47,256,3.9,82,141,980-1190,223,#145Tie,23,10,42.1,8:1,/best-colleges/howard-university-1448,"Washington, DC",10297,"$23,970",57,Howard University,210,90.3,61,54,4,57,2.8,4.6
185,118,3.5,79,150,22-28,129,#145Tie,28,12,36.2,20:1,/best-colleges/oklahoma-state-3170,"Stillwater, OK",25939,"in-state: $7,442, out-of-state: $20,027",64,Oklahoma State University,86,91.2,61,56,-3,76,2.7,13.6
166,118,3.8,78,166,990-1210,165,#145Tie,17,6,38.2,17:1,/best-colleges/st-johns-university-new-york-2823,"Queens, NY",20729,"$38,680",52,St. John's University,196,70.5,55,42,3,52.6,2.7,5.4
198,147,3.8,86,135,1150-1370,76,#145Tie,38,27,25.3,22:1,/best-colleges/university-of-texas-dallas-9741,"Richardson, TX",21193,"in-state: $11,806, out-of-state: $30,378",74,University of Texas—​Dallas,256,86.4,63,71,-11,58.6,2.7,2.6
151,77,3.3,82,131,1020-1220,200,#149Tie,26,2,51.5,12:1,/best-colleges/adelphi-university-2666,"Garden City, NY",7645,"$32,340",58,Adelphi University,178,57.6,63,64,5,68.1,2.2,7
110,77,3.5,83,166,1030-1250,138,#149Tie,27,8,27.6,17:1,/best-colleges/njit-2621,"Newark, NJ",10130,"in-state: $15,602, out-of-state: $28,274",64,New Jersey Institute of Technology,132,80.6,58,54,-6,65.5,2.6,9.1
241,264,3.6,88,120,1000-1200,142,#149Tie,27,26,26.3,28:1,/best-colleges/sdsu-1151,"San Diego, CA",32759,"in-state: $6,866, out-of-state: $18,026",52,San Diego State University,210,71.6,67,71,15,37.2,2.8,4.9
29,110,3.4,80,203,22-28,120,#149Tie,30,15,42.1,18:1,/best-colleges/uab-1052,"Birmingham, AL",18568,"in-state: $9,280, out-of-state: $21,220",62,University of Alabama—​Birmingham,104,97.2,53,56,-9,86.7,2.7,11.8
39,208,3.7,80,170,22-26,186,#149Tie,24,19,38.2,17:1,/best-colleges/uic-1776,"Chicago, IL",27589,"in-state: $13,640, out-of-state: $26,030",63,University of Illinois—​Chicago,236,88.6,57,63,-6,71.2,3,3.5
177,203,3.6,86,144,1110-1310,99,#149Tie,25,12,38.6,20:1,/best-colleges/umbc-2105,"Baltimore, MD",13908,"in-state: $10,068, out-of-state: $21,642",68,University of Maryland—​Baltimore County,225,84.9,65,57,-3,63.2,2.8,4
225,164,3.5,83,150,21-27,138,#149Tie,24,17,41.5,19:1,/best-colleges/university-of-mississippi-2440,"University, MS",19431,"in-state: $7,096, out-of-state: $19,144",55,University of Mississippi,75,93.3,58,48,3,59.4,2.7,14.2
225,110,3.3,85,120,23-27,120,#156Tie,27,0.2,69.4,12:1,/best-colleges/maryville-saint-louis-2482,"St Louis, MO",5033,"$25,884",63,Maryville University of St. Louis,178,48.9,67,61,4,76.1,1.9,7
145,208,3.4,81,155,20-28,138,#156Tie,28,14,37.4,19:1,/best-colleges/mississippi-state-2423,"Mississippi State, MS",20161,"in-state: $6,772, out-of-state: $16,960",60,Mississippi State University,60,94.7,59,53,-1,71.4,2.5,16.3
225,231,3.6,82,144,1010-1210,151,#156Tie,22,20,24.3,20:1,/best-colleges/texas-tech-university-3644,"Lubbock, TX",33111,"in-state: $9,308, out-of-state: $20,168",58,Texas Tech University,90,94.8,59,55,1,66.3,2.8,12.9
177,73,3.6,81,181,1030-1230,154,#156Tie,22,5,50.4,18:1,/best-colleges/umass-lowell-2161,"Lowell, MA",16932,"in-state: $12,447, out-of-state: $19,560",55,University of Massachusetts—​Lowell,121,77.9,54,51,-1,63.9,2.4,10.7
156,225,3.7,86,166,1000-1210,165,#156Tie,20,17,31.3,17:1,/best-colleges/vcu-3735,"Richmond, VA",31288,"in-state: $12,398, out-of-state: $29,847",54,Virginia Commonwealth University,210,85.1,57,50,3,64,2.8,4.7
198,231,3.5,86,114,1000-1240,142,#161Tie,33,6,47.2,16:1,/best-colleges/biola-university-1122,"La Mirada, CA",6323,"$33,322",62,Biola University,104,74.9,69,63,7,74.7,1.9,11.4
77,188,3.6,78,190,22-28,165,#161Tie,20,10,31.3,16:1,/best-colleges/university-of-louisville-1999,"Louisville, KY",21447,"in-state: $10,432, out-of-state: $24,320",60,University of Louisville,75,85.4,53,33,-7,71.1,2.7,14.3
166,176,3.5,81,144,1000-1210,231,#161Tie,19,11,34.2,16:1,/best-colleges/university-of-rhode-island-3414,"Kingston, RI",16387,"in-state: $12,506, out-of-state: $28,072",60,University of Rhode Island,189,80.2,60,47,0,75.8,2.7,6
171,239,3.3,89,155,1080-1260,126,#161Tie,36,14,28.4,24:1,/best-colleges/usf-1537,"Tampa, FL",41428,"in-state: $6,410, out-of-state: $17,325",65,University of South Florida,90,89,63,65,-2,45.2,2.7,12.8
86,118,3.4,74,186,22-27,138,#161Tie,23,10,43.3,14:1,/best-colleges/university-of-wyoming-3932,"Laramie, WY",12778,"in-state: $4,646, out-of-state: $14,876",60,University of Wyoming,132,96.6,54,50,-6,95.5,2.6,8.9
125,167,3.5,79,178,910-1170,200,#166Tie,16,11,48.5,18:1,/best-colleges/university-of-idaho-1626,"Moscow, ID",11834,"in-state: $6,784, out-of-state: $20,314",54,University of Idaho,132,91.5,54,42,0,64.7,2.6,9
138,136,3.2,85,143,950-1130,192,#166Tie,23,1,62.2,14:1,/best-colleges/la-verne-1216,"La Verne, CA",5111,"$36,744",52,University of La Verne,189,68.5,59,60,7,34.4,1.9,6
151,136,3.3,79,162,20-27,145,#168Tie,22,8,66.7,9:1,/best-colleges/andrews-university-2238,"Berrien Springs, MI",3516,"$26,262",54,Andrews University,189,88.6,60,46,6,38.6,1.7,6.3
52,157,3.1,78,178,970-1200,231,#168Tie,27,13,49.9,14:1,/best-colleges/university-of-hawaii-1610,"Honolulu, HI",20006,"in-state: $10,620, out-of-state: $29,412",63,University of Hawaii—​Manoa,178,98.3,57,58,-6,79.7,2.7,6.6
117,188,3.6,76,186,21-26,223,#168Tie,15,9,41.4,19:1,/best-colleges/university-of-north-dakota-3005,"Grand Forks, ND",15143,"in-state: $7,508, out-of-state: $17,794",54,University of North Dakota,104,97.2,55,39,1,71,2.5,11.7
192,167,3.6,76,195,21-26,182,#168Tie,15,6,49.5,17:1,/best-colleges/university-of-south-dakota-10300,"Vermillion, SD",10235,"in-state: $8,022, out-of-state: $10,104",51,University of South Dakota,156,91.1,56,38,5,87.9,2.4,8.2
125,231,3.2,78,166,21-26,182,#168Tie,20,19,36.4,21:1,/best-colleges/wvu-3827,"Morgantown, WV",29466,"in-state: $6,960, out-of-state: $20,424",55,West Virginia University,98,84.1,57,45,2,85.3,2.6,12.5
156,225,3.4,85,135,980-1190,165,#173Tie,27,3,59.4,14:1,/best-colleges/azusa-pacific-1117,"Azusa, CA",10755,"$33,096",62,Azusa Pacific University,166,69.5,65,62,3,82.3,1.9,7.1
208,252,3.4,79,162,980-1170,192,#173Tie,19,9,32.7,16:1,/best-colleges/ball-state-1786,"Muncie, IN",20503,"in-state: $9,344, out-of-state: $24,610",53,Ball State University,114,93.2,60,52,7,60.6,2.5,11
239,203,3.4,72,173,20-25,182,#173Tie,12,8,45.5,18:1,/best-colleges/bowling-green-state-university-3018,"Bowling Green, OH",16958,"in-state: $10,726, out-of-state: $18,034",47,Bowling Green State University,178,87.7,54,34,7,72.5,2.5,6.9
166,86,3.3,79,173,1030-1260,172,#173Tie,28,5,53.2,9:1,/best-colleges/florida-tech-1469,"Melbourne, FL",5644,"$37,990",66,Florida Institute of Technology,37,78.3,54,55,-12,60.5,2.2,20.4
138,91,3.6,77,181,940-1150,227,#173Tie,13,2,51.4,14:1,/best-colleges/pace-university-2791,"New York, NY",12624,"$39,747",56,Pace University,210,61.9,51,40,-5,81.2,2.3,4.6
262,250,3.1,87,124,1090-1270,99,#173Tie,30,24,29.3,31:1,/best-colleges/ucf-3954,"Orlando, FL",59740,"in-state: $6,368, out-of-state: $22,467",71,University of Central Florida,127,88.1,67,71,-4,48.9,2.6,10.1
125,208,3.5,79,162,950-1190,211,#173Tie,19,15,44.7,16:1,/best-colleges/university-of-maine-2053,"Orono, ME",11247,"in-state: $10,604, out-of-state: $28,484",58,University of Maine,166,82.4,56,46,-2,83.4,2.5,7.4
214,157,3.3,74,181,19-25,211,#173Tie,12,10,38.8,18:1,/best-colleges/western-michigan-university-2330,"Kalamazoo, MI",24294,"in-state: $10,685, out-of-state: $24,917",47,Western Michigan University,196,83.5,55,35,8,82.9,2.3,5.7
221,86,3.1,80,173,20-25,172,#181Tie,15,0,78.2,10:1,/best-colleges/edgewood-college-3848,"Madison, WI",2894,"$25,590",50,Edgewood College,114,74.8,57,37,7,76.6,1.7,11.3
185,55,3,82,170,830-1060,253,#181Tie,N/A,0.2,85.5,9:1,/best-colleges/immaculata-university-3276,"Immaculata, PA",3675,"$30,740",42,Immaculata University,104,47.2,48,N/A,6,81.9,1.9,11.5
171,225,3.7,78,181,21-26,200,#181Tie,16,20,30.2,18:1,/best-colleges/north-dakota-state-9265,"Fargo, ND",14629,"in-state: $7,660, out-of-state: $18,242",53,North Dakota State University,114,91,53,40,0,84.1,2.4,11
185,254,3.6,75,173,20-25,186,#181Tie,13,15,32.3,17:1,/best-colleges/south-dakota-state-3471,"Brookings, SD",12554,"in-state: $7,713, out-of-state: $9,795",52,South Dakota State University,75,92.2,57,35,5,91.9,2.3,14.4
214,77,3.4,73,228,18-22,237,#181Tie,N/A,1,78.8,N/A,/best-colleges/spalding-university-1960,"Louisville, KY",,"$22,425",29,Spalding University,236,74.6,42,N/A,13,29.3,1.7,3.8
255,136,3.5,77,162,20-26,172,#181Tie,18,0,72.1,16:1,/best-colleges/st-marys-university-minnesota-2380,"Winona, MN",5528,"$30,315",55,St. Mary's University of Minnesota,90,38.9,55,35,0,74.9,2,13.2
97,129,3.6,79,210,23-29,107,#181Tie,28,11,40.9,16:1,/best-colleges/uah-1055,"Huntsville, AL",7376,"in-state: $9,158, out-of-state: $21,232",61,University of Alabama—​Huntsville,262,85.7,48,50,-13,80.6,2.4,1.6
225,176,3.5,76,181,950-1120,200,#181Tie,22,13,44.6,17:1,/best-colleges/unc-greensboro-2976,"Greensboro, NC",17707,"in-state: $6,442, out-of-state: $21,304",52,University of North Carolina—​Greensboro,225,90.5,55,48,3,58.2,2.5,4.5
68,91,3.2,65,228,19-25,211,#189Tie,11,5,56.2,16:1,/best-colleges/southern-illinois-carbondale-1758,"Carbondale, IL",17964,"in-state: $12,251, out-of-state: $24,874",46,Southern Illinois University—​Carbondale,196,96.3,44,31,-2,79.3,2.5,5.7
198,176,3.4,83,201,1030-1250,135,#189Tie,34,22,31,22:1,/best-colleges/university-of-houston-3652,"Houston, TX",39540,"in-state: $10,518, out-of-state: $24,378",55,University of Houston,90,87.9,48,69,-7,58.4,2.5,13
151,110,3.3,73,213,21-27,129,#189Tie,26,10,57.2,13:1,/best-colleges/umkc-2518,"Kansas City, MO",15746,"in-state: $9,582, out-of-state: $22,641",63,University of Missouri—​Kansas City,166,84.3,51,55,-12,65.3,2.5,7.6
77,201,3.6,77,213,19-25,192,#189Tie,N/A,15,39.4,20:1,/best-colleges/university-of-new-mexico-10313,"Albuquerque, NM",27337,"in-state: $6,846, out-of-state: $20,688",54,University of New Mexico,225,85.6,48,N/A,-6,56.7,2.7,4.4
138,77,3.2,73,190,920-1130,248,#189Tie,15,2,58.2,12:1,/best-colleges/widener-university-3313,"Chester, PA",6311,"$39,830",50,Widener University,246,68.5,56,38,6,67.3,2,3
255,211,3.3,77,173,20-24,192,#194Tie,15,8,33,21:1,/best-colleges/central-michigan-university-2243,"Mount Pleasant, MI",26902,"in-state: $11,550, out-of-state: $23,670",50,Central Michigan University,196,87.5,59,38,9,63.1,2.2,5.8
74,198,3.9,72,249,890-1120,234,#194Tie,15,10,36.7,18:1,/best-colleges/iupui-1813,"Indianapolis, IN",30488,"in-state: $8,909, out-of-state: $30,089",48,Indiana University-​Purdue University—​Indianapolis,132,86.2,42,45,-6,69.6,2.8,9.3
241,188,3.3,77,195,20-25,186,#194Tie,14,8,52.4,21:1,/best-colleges/kent-state-university-3051,"Kent, OH",28998,"in-state: $10,012, out-of-state: $17,972",45,Kent State University,225,77.6,51,40,6,83.1,2.4,4.1
156,188,3.2,70,190,19-24,186,#194Tie,12,11,47.7,15:1,/best-colleges/niu-1737,"DeKalb, IL",21138,"in-state: $13,636, out-of-state: $22,914",48,Northern Illinois University,210,91.4,51,34,3,52,2.3,5.1
177,188,3.4,73,213,21-26,192,#194Tie,18,11,46.6,18:1,/best-colleges/university-of-montana-2536,"Missoula, MT",12058,"in-state: $6,330, out-of-state: $23,146",49,University of Montana,178,86.4,48,40,-1,95.7,2.6,6.8
110,188,3.2,79,186,960-1190,192,#194Tie,23,19,34.6,22:1,/best-colleges/university-of-nevada-2568,"Reno, NV",18776,"in-state: $6,415, out-of-state: $20,325",56,University of Nevada—​Reno,132,78,51,55,-5,84.3,2.4,9.1
177,167,3.4,70,201,20-26,186,#194Tie,19,16,41.2,21:1,/best-colleges/utah-state-3677,"Logan, UT",27812,"in-state: $6,384, out-of-state: $18,491",56,Utah State University,196,93,51,44,-5,98.5,2.5,5.5
265,144,3.3,77,203,21-26,120,#201Tie,24,8,49.3,23:1,/best-colleges/la-tech-2008,"Ruston, LA",11015,"in-state: $8,052, out-of-state: $22,635",54,Louisiana Tech University,98,92.9,50,51,-4,67.4,2.3,12.4
249,248,3.6,78,178,1000-1170,179,#201Tie,19,23,25.2,19:1,/best-colleges/unc-charlotte-2975,"Charlotte, NC",26571,"in-state: $6,179, out-of-state: $18,708",54,University of North Carolina—​Charlotte,236,88.7,54,55,0,62.7,2.6,3.9
214,118,,72,170,20-25,179,"
                RNP
            ",19,0.1,68,11:1,/best-colleges/ashland-university-3012,"Ashland, OH",5979,"$19,852",58,Ashland University,210,71.6,56,49,-2,72.4,1.8,5
185,118,,60,256,833-1040,250,"
                RNP
            ",N/A,1,67.9,13:1,/best-colleges/barry-university-1466,"Miami Shores, FL",9030,"$28,160",43,Barry University,236,68.8,37,N/A,-6,46.8,1.9,3.5
192,136,,77,190,20-26,223,"
                RNP
            ",21,0.3,71.8,N/A,/best-colleges/benedictine-university-1767,"Lisle, IL",5368,"$26,950",56,Benedictine University,210,46.1,52,48,-4,69.5,2,5.2
241,198,,72,246,810-960,266,"
                RNP
            ",N/A,1,45,16:1,/best-colleges/bowie-state-university-2062,"Bowie, MD",5561,"in-state: $6,971, out-of-state: $17,538",30,Bowie State University,196,77.2,38,N/A,8,51.8,1.8,5.7
249,110,,69,210,1067-1084,211,"
                RNP
            ",9,0,92.9,N/A,/best-colleges/cardinal-stritch-university-3837,"Milwaukee, WI",,"$26,570",48,Cardinal Stritch University,246,47.9,50,39,2,42.1,1.7,2.9
166,244,,64,249,770-940,265,"
                RNP
            ",9,3,44.5,16:1,/best-colleges/clark-atlanta-university-1551,"Atlanta, GA",3458,"$21,334",34,Clark Atlanta University,246,81.1,39,31,5,56.8,2.2,3
225,231,,66,261,19-25,237,"
                RNP
            ",14,11,35.6,20:1,/best-colleges/cleveland-state-university-3032,"Cleveland, OH",17741,"in-state: $9,473, out-of-state: $12,653",38,Cleveland State University,246,73.3,32,39,-6,62.9,2.1,3.2
208,231,,80,161,960-1170,244,"
                RNP
            ",15,14,30.9,17:1,/best-colleges/east-carolina-university-2923,"Greenville, NC",26887,"in-state: $6,143, out-of-state: $21,340",53,East Carolina University,225,93.1,57,43,4,73.4,2.2,4
198,203,,69,241,19-25,218,"
                RNP
            ",19,7,41.9,N/A,/best-colleges/east-tennessee-state-university-3487,"Johnson City, TN",,"in-state: $7,985, out-of-state: $17,917",50,East Tennessee State University,225,85.6,41,45,-9,89.2,2,4
198,219,,81,220,18-22,244,"
                RNP
            ",16,12,31.9,17:1,/best-colleges/famu-1480,"Tallahassee, FL",10743,"in-state: $5,785, out-of-state: $17,725",43,Florida A&M University,196,90,41,46,-2,45,2.1,5.8
247,259,,78,220,960-1130,182,"
                RNP
            ",11,16,24.2,25:1,/best-colleges/fau-1481,"Boca Raton, FL",30759,"in-state: $6,039, out-of-state: $21,575",48,Florida Atlantic University,236,83.8,41,37,-7,47.7,2.2,3.4
233,256,,83,195,1070-1230,120,"
                RNP
            ",23,22,20.6,27:1,/best-colleges/fiu-9635,"Miami, FL",47736,"in-state: $6,496, out-of-state: $18,895",62,Florida International University,166,78.4,52,51,-10,43,2.2,7.2
265,248,,79,203,1040-1180,157,"
                RNP
            ",19,10,25.1,21:1,/best-colleges/georgia-southern-1572,"Statesboro, GA",20517,"in-state: $7,190, out-of-state: $20,086",53,Georgia Southern University,156,95.1,50,45,-3,56.8,2.2,7.8
221,264,,83,186,960-1170,200,"
                RNP
            ",N/A,15,18.9,22:1,/best-colleges/georgia-state-1574,"Atlanta, GA",32168,"in-state: $10,240, out-of-state: $28,450",57,Georgia State University,196,87.9,53,N/A,-4,53.9,2.6,5.5
249,225,,62,242,800-1020,260,"
                RNP
            ",8,11,28.5,20:1,/best-colleges/indiana-state-9563,"Terre Haute, IN",12448,"in-state: $8,416, out-of-state: $18,346",39,Indiana State University,196,85.8,42,28,3,83.1,2.4,5.8
241,244,,75,195,880-1070,260,"
                RNP
            ",8,14,29.4,18:1,/best-colleges/iup-3277,"Indiana, PA",14728,"in-state: $9,470, out-of-state: $19,700",41,Indiana University of Pennsylvania,178,95,51,23,10,90.5,2,6.6
214,261,,73,228,17-21,257,"
                RNP
            ",N/A,N/A,N/A,N/A,/best-colleges/jackson-state-2410,"Jackson, MS",,"in-state: $6,348, out-of-state: $15,552",33,Jackson State University,225,89,42,N/A,9,64.6,1.8,4.1
262,184,,59,264,870-1080,248,"
                RNP
            ",15,6,47.8,21:1,/best-colleges/lamar-university-3581,"Beaumont, TX",14035,"in-state: $9,361, out-of-state: $19,681",39,Lamar University,256,89.7,34,37,-5,76.6,2,2.1
117,268,,65,242,820-1050,256,"
                RNP
            ",1,0.3,38.3,17:1,/best-colleges/lynn-university-1505,"Boca Raton, FL",2297,"$34,550",32,Lynn University,147,72.4,41,9,9,77.6,1.8,8.3
268,241,,71,217,19-24,237,"
                RNP
            ",16,8,40.2,19:1,/best-colleges/middle-tennessee-state-university-3510,"Murfreesboro, TN",23881,"in-state: $7,370, out-of-state: $24,434",48,Middle Tennessee State University,210,88.8,47,43,-1,70,2.1,4.8
151,239,,75,207,21-27,206,"
                RNP
            ",19,16,40.1,19:1,/best-colleges/montana-state-2532,"Bozeman, MT",15294,"in-state: $6,894, out-of-state: $21,296",55,Montana State University,147,81.5,49,44,-6,84.5,2.5,8.4
171,184,,72,256,820-980,263,"
                RNP
            ",3,0.1,42.1,17:1,/best-colleges/morgan-state-2083,"Baltimore, MD",7546,"in-state: $7,378, out-of-state: $16,862",36,Morgan State University,75,93.9,35,9,-1,56.1,1.9,14.1
214,254,,72,259,N/A,237,"
                RNP
            ",N/A,N/A,N/A,12:1,/best-colleges/national-louis-university-1733,"Chicago, IL",4814,"$15,915",47,National-​Louis University,246,N/A,30,N/A,-17,N/A,1.7,N/A
156,147,,72,220,18-24,237,"
                RNP
            ",21,10,47.6,17:1,/best-colleges/new-mexico-state-university-2657,"Las Cruces, NM",16765,"in-state: $6,573, out-of-state: $20,658",44,New Mexico State University,178,83.4,43,47,-1,85.2,2.4,7
208,203,,73,235,830-990,260,"
                RNP
            ",10,7,33.9,16:1,/best-colleges/north-carolina-at-2905,"Greensboro, NC",10561,"in-state: $5,422, out-of-state: $16,503",32,North Carolina A&T State University,156,88.8,42,31,10,56.5,2,7.7
233,219,,73,207,940-1160,227,"
                RNP
            ",21,12,33.3,19:1,/best-colleges/northern-arizona-university-1082,"Flagstaff, AZ",26606,"in-state: $9,990, out-of-state: $22,510",52,Northern Arizona University,236,82.6,49,47,-3,91.4,2.4,3.6
110,43,,71,235,950-1190,157,"
                RNP
            ",24,0.1,81,17:1,/best-colleges/nova-1509,"Ft. Lauderdale, FL",25670,"$26,700",55,Nova Southeastern University,262,72.2,41,53,-14,57.5,1.8,2
247,231,,74,228,20-26,157,"
                RNP
            ",17,14,36.5,22:1,/best-colleges/oakland-university-2307,"Rochester, MI",20169,"in-state: $11,460, out-of-state: $24,735",54,Oakland University,236,76,43,44,-11,66,2.1,3.8
255,219,,80,190,930-1130,237,"
                RNP
            ",10,11,33.8,20:1,/best-colleges/old-dominion-3728,"Norfolk, VA",24828,"in-state: $9,280, out-of-state: $25,030",53,Old Dominion University,189,81,51,33,-2,76.8,2.6,5.9
233,147,,62,264,870-960,250,"
                RNP
            ",12,0,68.2,14:1,/best-colleges/lake-university-3598,"San Antonio, TX",2927,"$24,596",43,Our Lady of the Lake University,86,64.2,32,33,-11,22.7,1.6,13.8
237,250,,72,242,19-26,231,"
                RNP
            ",N/A,N/A,N/A,N/A,/best-colleges/portland-state-3216,"Portland, OR",,"in-state: $7,878, out-of-state: $23,088",51,Portland State University,246,N/A,39,N/A,-12,N/A,2.5,3.3
185,147,,74,235,940-1170,227,"
                RNP
            ",14,0,49.2,19:1,/best-colleges/regent-university-30913,"Virginia Beach, VA",5950,"$16,638",56,Regent University,236,55.4,54,30,-2,85.4,1.8,3.7
265,252,,75,195,880-1090,250,"
                RNP
            ",14,13,24.4,24:1,/best-colleges/sam-houston-state-3606,"Huntsville, TX",19210,"in-state: $8,932, out-of-state: $19,792",48,Sam Houston State University,147,88.1,51,38,3,73.9,2,8.8
145,129,,63,252,720-870,268,"
                RNP
            ",2,3,53.4,14:1,/best-colleges/south-carolina-state-3446,"Orangeburg, SC",3463,"in-state: $9,776, out-of-state: $18,910",24,South Carolina State University,246,90.1,36,30,12,92,2.1,N/A
177,157,,62,261,16-20,263,"
                RNP
            ",N/A,1,54.1,15:1,/best-colleges/tennessee-state-3522,"Nashville, TN",8816,"in-state: $6,776, out-of-state: $20,132",31,Tennessee State University,225,86.3,29,N/A,-2,52.9,2,4
260,211,,68,249,880-1090,237,"
                RNP
            ",16,4,46.1,17:1,/best-colleges/texas-am-commerce-3565,"Commerce, TX",11068,"in-state: $7,096, out-of-state: $17,956",42,Texas A&M University—​Commerce,236,78.7,45,40,3,68.2,2.1,3.4
249,266,,61,253,870-1060,257,"
                RNP
            ",10,19,18.1,22:1,/best-colleges/texas-am-corpus-christi-11161,"Corpus Christi, TX",10913,"in-state: $7,778, out-of-state: $18,398",38,Texas A&M University—​Corpus Christi,262,84.1,35,34,-3,87,2.1,2
249,211,,60,260,16-21,257,"
                RNP
            ",9,5,37.4,20:1,/best-colleges/texas-am-kingsville-3639,"Kingsville, TX",7730,"in-state: $7,434, out-of-state: $18,294",30,Texas A&M University—​Kingsville,246,86.7,34,35,4,88,2,N/A
192,231,,60,268,750-920,267,"
                RNP
            ",5,11,37.7,19:1,/best-colleges/texas-southern-university-3642,"Houston, TX",8703,"in-state: $7,946, out-of-state: $18,566",14,Texas Southern University,262,80.3,16,20,2,45,2,1.7
264,261,,69,224,840-1070,254,"
                RNP
            ",16,13,43.8,22:1,/best-colleges/texas-womans-university-3646,"Denton, TX",15129,"in-state: $7,560, out-of-state: $18,420",47,Texas Woman's University,268,73.4,42,48,-5,86,2.2,0.6
237,99,,74,203,21-26,206,"
                RNP
            ",N/A,2,74.8,15:1,/best-colleges/trevecca-nazarene-university-3526,"Nashville, TN",2406,"$23,126",55,Trevecca Nazarene University,178,67.3,47,N/A,-8,68.4,1.6,6.6
192,118,,71,195,25-29,192,"
                RNP
            ",17,0.4,71.3,10:1,/best-colleges/trinity-international-1772,"Deerfield, IL",2687,"$27,360",56,Trinity International University,166,38.1,45,34,-11,93.9,1.7,7.1
221,198,,69,242,18-25,218,"
                RNP
            ",13,7,38.3,20:1,/best-colleges/university-of-akron-3123,"Akron, OH",24928,"in-state: $10,320, out-of-state: $18,851",40,University of Akron,75,72.3,40,33,0,96.5,2.3,14
34,176,,76,255,18-25,211,"
                RNP
            ",18,4,65.4,11:1,/best-colleges/alaska-fairbanks-1063,"Fairbanks, AK",9256,"in-state: $6,752, out-of-state: $20,072",56,University of Alaska—​Fairbanks,210,63.6,38,39,-18,79.9,2.4,5
208,110,,70,267,22,206,"
                RNP
            ",N/A,3,60.1,15:1,/best-colleges/ualr-1101,"Little Rock, AR",12377,"in-state: $7,909, out-of-state: $18,979",38,University of Arkansas—​Little Rock,262,82.5,24,N/A,-14,68.7,2.1,1.7
42,201,,74,228,20-25,218,"
                RNP
            ",21,11,34.5,16:1,/best-colleges/university-of-colorado-denver-6740,"Denver, CO",22206,"in-state: $9,625, out-of-state: $26,105",55,University of Colorado—​Denver,256,94.6,41,50,-14,69.3,2.7,2.7
255,241,,74,224,21-25,157,"
                RNP
            ",17,8,32.7,22:1,/best-colleges/louisiana-lafayette-2031,"Lafayette, LA",16646,"in-state: $6,948, out-of-state: $19,348",49,University of Louisiana—​Lafayette,166,92.5,45,43,-4,59.3,2.2,7.1
151,167,,77,228,950-1160,247,"
                RNP
            ",N/A,6,32.2,15:1,/best-colleges/umass-boston-2222,"Boston, MA",16277,"in-state: $11,966, out-of-state: $28,390",55,University of Massachusetts—​Boston,196,76,44,N/A,-11,69.9,2.5,5.4
198,167,,77,235,20-26,172,"
                RNP
            ",16,11,43.8,14:1,/best-colleges/university-of-memphis-3509,"Memphis, TN",21478,"in-state: $8,619, out-of-state: $13,275",50,University of Memphis,196,82.1,44,43,-6,73.2,2.4,5.6
225,211,,76,210,21-26,129,"
                RNP
            ",30,9,47.2,16:1,/best-colleges/umsl-2519,"St. Louis, MO",16814,"in-state: $9,474, out-of-state: $24,795",53,University of Missouri—​St. Louis,189,73.6,46,63,-7,74.2,2.4,6.2
260,231,,73,220,20-26,165,"
                RNP
            ",15,11,34.6,17:1,/best-colleges/university-of-nebraska-omaha-2554,"Omaha, NE",15227,"in-state: $6,750, out-of-state: $18,070",50,University of Nebraska—​Omaha,210,74.9,42,40,-8,70.8,2.5,5.1
221,211,,77,224,890-1110,235,"
                RNP
            ",21,18,25.9,21:1,/best-colleges/unlv-2569,"Las Vegas, NV",27858,"in-state: $6,690, out-of-state: $20,600",54,University of Nevada—​Las Vegas,210,83.5,43,48,-11,85.1,2.4,4.6
208,256,,66,261,21-25,157,"
                RNP
            ",16,16,31.3,21:1,/best-colleges/university-of-new-orleans-2015,"New Orleans, LA",9323,"in-state: $7,482, out-of-state: $21,092",46,University of New Orleans,267,87.6,32,41,-14,50.4,2,1.4
249,267,,69,217,20-24,206,"
                RNP
            ",12,13,24.6,18:1,/best-colleges/university-of-northern-colorado-1349,"Greeley, CO",12084,"in-state: $7,573, out-of-state: $18,817",48,University of Northern Colorado,225,85.3,46,38,-2,69.6,2.2,4.5
241,261,,77,207,1000-1210,227,"
                RNP
            ",20,24,26.4,23:1,/best-colleges/unt-3594,"Denton, TX",36168,"in-state: $9,706, out-of-state: $20,566",56,University of North Texas,256,85.6,46,52,-10,61.5,2.4,2.6
166,211,,66,253,20-26,186,"
                RNP
            ",N/A,9,46.1,19:1,/best-colleges/south-alabama-1057,"Mobile, AL",15065,"in-state: $6,948, out-of-state: $13,596",53,University of South Alabama,256,79.3,33,N/A,-20,86,2,2.4
232,188,,74,213,19-25,211,"
                RNP
            ",6,9,44.8,17:1,/best-colleges/university-of-southern-mississippi-2441,"Hattiesburg, MS",15249,"in-state: $6,744, out-of-state: $15,024",51,University of Southern Mississippi,132,90.1,45,35,-6,66.3,2.2,9.3
233,244,,74,240,960-1200,172,"
                RNP
            ",28,26,28.2,22:1,/best-colleges/university-of-texas-arlington-3656,"Arlington, TX",33329,"in-state: $8,878, out-of-state: $20,274",58,University of Texas—​Arlington,246,86.4,44,75,-14,60,2.5,2.8
239,219,,73,246,17-22,254,"
                RNP
            ",17,12,33.1,N/A,/best-colleges/utep-3661,"El Paso, TX",,"in-state: $7,018, out-of-state: $17,639",36,University of Texas—​El Paso,210,80.4,37,40,1,99.8,2.2,4.8
241,260,,62,266,950-1180,192,"
                RNP
            ",19,26,19.8,22:1,/best-colleges/utsa-10115,"San Antonio, TX",28623,"in-state: $8,737, out-of-state: $20,050",42,University of Texas—​San Antonio,210,91.5,30,73,-12,62,2.3,5.2
205,244,,65,228,19-25,211,"
                RNP
            ",17,16,27.4,21:1,/best-colleges/university-of-toledo-3131,"Toledo, OH",20782,"in-state: $9,280, out-of-state: $19,158",49,University of Toledo,196,91,46,40,-3,90.7,2.3,5.3
255,241,,72,217,21-25,235,"
                RNP
            ",12,11,31.6,24:1,/best-colleges/west-florida-3955,"Pensacola, FL",12588,"in-state: $8,942, out-of-state: $21,824",54,University of West Florida,65,76.4,42,36,-12,48.1,2,15.4
225,219,,71,235,19-24,244,"
                RNP
            ",9,10,43.4,18:1,/best-colleges/uw-milwaukee-3896,"Milwaukee, WI",27784,"in-state: $9,882, out-of-state: $19,610",43,University of Wisconsin—​Milwaukee,246,85.5,41,28,-2,88.4,2.7,3
89,176,,77,256,19-26,157,"
                RNP
            ",23,9,48.6,15:1,/best-colleges/wayne-state-2329,"Detroit, MI",27897,"in-state: $12,350, out-of-state: $26,592",49,Wayne State University,210,79.6,32,46,-17,76.2,2.5,5
214,225,,72,224,21-26,179,"
                RNP
            ",23,11,40.8,20:1,/best-colleges/wichita-state-university-1950,"Wichita, KS",14550,"in-state: $7,267, out-of-state: $16,697",53,Wichita State University,166,84.1,46,50,-7,95.8,2.4,7.4
177,157,,63,246,19-25,223,"
                RNP
            ",15,13,44.4,21:1,/best-colleges/wright-state-9168,"Dayton, OH",16656,"in-state: $8,730, out-of-state: $16,910",43,Wright State University,225,99.7,41,36,-2,96.3,2.3,4.2
N/A,N/A,,N/A,N/A,N/A,N/A,"
                Unranked
            ",N/A,N/A,N/A,N/A,/best-colleges/alliant-international-university-1158,"San Diego, CA",4845,"$19,930",73,Alliant International University,N/A,59.1,29,N/A,-44,N/A,1.4,N/A
N/A,N/A,,N/A,N/A,N/A,N/A,"
                Unranked
            ",N/A,N/A,N/A,N/A,/best-colleges/argosy-university-21799,"Orange, CA",,"$13,663",N/A,Argosy University,N/A,N/A,N/A,N/A,N/A,N/A,1.3,N/A
N/A,N/A,,N/A,N/A,N/A,N/A,"
                Unranked
            ",N/A,0,87,N/A,/best-colleges/california-institute-of-integral-studies-12154,"San Francisco, CA",1271,"$25,713",N/A,California Institute of Integral Studies,N/A,59.3,N/A,N/A,N/A,N/A,1.5,N/A
N/A,N/A,,N/A,N/A,N/A,N/A,"
                Unranked
            ",N/A,N/A,N/A,N/A,/best-colleges/capella-university-32673,"Minneapolis, MN",,"$12,348",N/A,Capella University,N/A,N/A,N/A,N/A,N/A,N/A,1.4,N/A
N/A,N/A,,N/A,N/A,N/A,N/A,"
                Unranked
            ",N/A,N/A,N/A,N/A,/best-colleges/colorado-technical-university-10148,"Colorado Springs, CO",,"$11,300",N/A,Colorado Technical University,N/A,N/A,14,N/A,N/A,N/A,2,N/A
N/A,N/A,,N/A,N/A,N/A,N/A,"
                Unranked
            ",N/A,N/A,N/A,N/A,/best-colleges/idaho-state-1620,"Pocatello, ID",,"in-state: $6,344, out-of-state: $18,676",37,Idaho State University,N/A,N/A,29,N/A,-8,N/A,2.4,N/A
N/A,N/A,,N/A,N/A,N/A,N/A,"
                Unranked
            ",N/A,N/A,N/A,7:1,/best-colleges/northcentral-university-666122,"Prescott Valley, AZ",13091,N/A,N/A,Northcentral University,N/A,41.9,N/A,N/A,N/A,N/A,1.7,N/A
N/A,N/A,,N/A,N/A,N/A,N/A,"
                Unranked
            ",N/A,N/A,N/A,N/A,/best-colleges/trident-university-international-41279,"Cypress, CA",,"$6,600",N/A,Trident University International,N/A,N/A,42,N/A,N/A,N/A,1.5,N/A
N/A,N/A,,N/A,N/A,N/A,N/A,"
                Unranked
            ",N/A,N/A,N/A,N/A,/best-colleges/union-institute-10923,"Cincinnati, OH",,"$11,904",48,Union Institute and University,N/A,N/A,20,N/A,-28,N/A,1.9,N/A
N/A,N/A,,N/A,N/A,N/A,N/A,"
                Unranked
            ",N/A,N/A,N/A,N/A,/best-colleges/university-of-phoenix-209885,"Phoenix, AZ",,N/A,N/A,University of Phoenix,N/A,N/A,5,N/A,N/A,N/A,1.3,N/A
N/A,N/A,,N/A,N/A,N/A,N/A,"
                Unranked
            ",N/A,N/A,N/A,N/A,/best-colleges/walden-university-25042,"Minneapolis, MN",51016,"$14,300",N/A,Walden University,N/A,25.4,N/A,N/A,N/A,98,1.6,N/A
N/A,N/A,,61,N/A,N/A,N/A,"
                Unranked
            ",N/A,N/A,N/A,14:1,/best-colleges/wilmington-university-7948,"New Castle, DE",13621,"$10,190",42,Wilmington University,N/A,N/A,41,N/A,-1,99.5,2.1,N/A
